,nectar.at.flower.scale.in..microgram.flower.day,nectar.at.flower.scale.in..microg.flower.day,nectar.at.flower.scale.in..microg.flower.day,nectar.at.flower.scale.in..microg.flower.day,nectar.at.flower.scale.in..microg.flower.day,nectar.at.flower.scale.in..microg.flower.day,nectar.at.vegetative.scale.in..kg.hacover.year,nectar.at.vegetative.scale.in..kg.hacover.year,nectar.at.vegetative.scale.in..kg.hacover.year,nectar.at.vegetative.scale.in..kg.hacover.year,nectar.at.vegetative.scale.in..kg.hacover.year,nectar.at.vegetative.scale.in..kg.hacover.year,nectar.at.vegetative.scale.in..kg.hacover.year,nectar.at.vegetative.scale.in..kg.hacover.year
species,mean.nectar.sugar.content.per.flower,var.nectar.sugar.content.per.flower,n.nectar.sugar.content.per.flower,mean.potential.max.nectar.sugar.content.per.flower,var.potential.max.nectar.sugar.content.per.flower,n.potential.max.nectar.sugar.content.per.flower,empirical.nectar.productivity.value,log10(value.plus.1)modelled.nectar.productivity,log10(95%lwr+1)modelled.nectar.productivity,log10(95%upr+1)modelled.nectar.productivity,modelled.nectar.productivity.value,nectar.productivity.default.value,final.nectar.productivity.value,origin.of.values
Acer campestre,NA,NA,NA,NA,NA,NA,NA,2.3887246,1.06359105,3.71385815,243.7510707,NA,243.75,modelled
Acer platanoides,NA,NA,NA,NA,NA,NA,NA,2.70973404,1.33173559,4.08773249,511.547409,NA,511.55,modelled
Acer pseudoplatanus,71.44,1107.89,18,127.84,8868.69,18,243.75,2.3887246,1.06359105,3.71385815,243.7510707,NA,243.75,empirical
Achillea millefolium,7.56,56.35,19,12.7,208.95,19,603.25,2.00056878,1.58930599,2.41183158,99.1310529,NA,603.25,empirical
Achillea ptarmica,NA,NA,NA,NA,NA,NA,NA,NA,NA,NA,NA,NA,NA,NA
Aegopodium podagraria,NA,NA,NA,NA,NA,NA,NA,2.28689037,1.57436348,2.99941726,192.5933213,NA,192.59,modelled
Aesculus hippocastanum,449.28,162138.03,25,449.28,162138.03,25,NA,2.55261957,0.93808532,4.16715382,355.960014,NA,355.96,modelled
Aethusa cynapium,6.94,93.34,10,7.8,116.12,10,65.17,1.75968888,0.97971814,2.53965961,56.50278468,NA,65.17,empirical
Agrimonia eupatoria,1.37,12.35,20,1.88,22.96,20,0.43,0.0405399,-0.52138932,0.60246911,0.09784214,NA,0.43,empirical
Ajuga reptans,155.06,5791.06,10,155.06,5791.06,10,934.68,2.28912106,1.80226344,2.77597867,193.5902419,NA,934.68,empirical
Allium cepa,206.75,54406.55,20,206.75,54406.55,20,NA,2.38357694,1.61203342,3.15512045,240.8671765,0,0,default
Allium schoenoprasum,263.44,30567.25,10,263.44,30567.25,10,1256.42,2.01781108,1.28873764,2.74688451,103.1864106,NA,1256.42,empirical
Alnus glutinosa,NA,NA,NA,NA,NA,NA,NA,0.90663907,0.14200895,1.67126919,7.06564436,NA,7.07,modelled
Anagallis arvensis,0,0,20,0,0,20,0,-0.30681252,-1.12781575,0.51419072,-0.50661325,NA,0,empirical
Anchusa officinalis,NA,NA,NA,NA,NA,NA,NA,3.10561775,1.49345363,4.71778187,1274.315816,NA,1274.32,modelled
Anemone nemorosa,0.79,6.22,10,2.25,50.8,10,0.01,0.10746266,-0.56799393,0.78291925,0.28074497,NA,0.01,empirical
Angelica sylvestris,15.66,617.81,19,19,760.22,19,93.98,2.5774779,1.76952487,3.38543092,376.9878993,NA,93.98,empirical
Anthriscus sylvestris,11.33,203.25,20,12.29,208.09,20,150.54,2.28689037,1.57436348,2.99941726,192.5933213,NA,150.54,empirical
Arabidopsis thaliana,NA,NA,NA,NA,NA,NA,NA,0.55851342,-0.1794868,1.29651364,2.61837372,NA,2.62,modelled
Arctium agg.,71.76,5871.45,30,73.11,5832.4,30,52.31,2.41031631,1.94268132,2.87795131,256.2268586,NA,52.31,empirical
Arenaria serpyllifolia,NA,NA,NA,NA,NA,NA,NA,0.68795039,-0.24459409,1.62049488,3.87472807,NA,3.87,modelled
Armeria maritima,63.96,2050.6,10,63.96,2050.6,10,99.41,1.88282581,0.87683759,2.88881403,75.35294795,NA,99.41,empirical
Asperula cynanchica,NA,NA,NA,NA,NA,NA,NA,0.4752467,-0.60995405,1.56044744,1.98707891,NA,1.99,modelled
Aster tripolium,29.01,785.67,20,29.01,785.67,20,169.26,NA,NA,NA,NA,NA,169.26,empirical
Atriplex patula,0.1,0.19,20,0.12,0.31,20,0.1,0.16228937,-0.84369885,1.16827759,0.45307949,NA,0.1,empirical
Atriplex portulacoides,NA,NA,NA,NA,NA,NA,NA,NA,NA,NA,NA,NA,NA,NA
Bellis perennis,0.84,1.33,20,1.38,3.61,20,105.23,1.77658489,1.21341104,2.33975874,58.78398921,NA,105.23,empirical
Brassica napus,394.79,90899.48,30,394.79,90899.48,30,268.11,1.83080872,1.17962195,2.48199549,66.7343114,NA,268.11,empirical
Brassica oleracea (cultivated),NA,NA,NA,NA,NA,NA,NA,2.38006859,1.14456242,3.61557475,238.9211797,0,0,default
Brassica rapa,165.4,1407.31,10,165.4,1407.31,10,237.25,2.02361888,1.37037922,2.67685854,104.5890492,0,0,default
Buddleja davidii,42.45,1813.88,19,88.15,6568.81,19,943.12,2.87975318,2.34276363,3.41674272,757.1465707,NA,943.12,empirical
Calluna vulgaris,31.76,773.56,20,54.03,2233.57,20,120.57,2.32473375,1.63705357,3.01241392,210.219372,NA,120.57,empirical
Caltha palustris,4.37,33.45,15,30.3,1274.8,15,0.51,0.94602415,0.47957625,1.41247205,7.8312901,NA,0.51,empirical
Calystegia sepium,1800.78,2036868.88,20,1800.78,2036868.88,20,132.61,2.24457834,1.68407754,2.80507914,174.6217664,NA,132.61,empirical
Campanula glomerata,NA,NA,NA,NA,NA,NA,NA,2.51398732,1.97811118,3.04986345,325.5782942,NA,325.58,modelled
Campanula patula,NA,NA,NA,NA,NA,NA,NA,3.0158105,1.85097305,4.18064796,1036.075809,NA,1036.08,modelled
Campanula rotundifolia,290.18,37077.3,15,290.18,37077.3,15,89.79,2.51398732,1.97811118,3.04986345,325.5782942,NA,89.79,empirical
Capsella bursa-pastoris,0.39,2.76,18,0.28,1.39,18,1.44,1.06887801,0.38439872,1.75335731,10.71866162,NA,1.44,empirical
Cardamine hirsuta/flexuosa,4.5,37.66,10,9.11,282.62,10,14.26,1.46504286,0.81051639,2.11956933,28.17714955,NA,14.26,empirical
Cardamine pratensis,58.68,3525.84,20,58.68,3525.84,20,51.14,2.39522923,1.62673625,3.16372222,247.4444114,NA,51.14,empirical
Castanea sativa,2.15,16.07,18,5.93,93.98,18,14.25,0.90663907,0.14200895,1.67126919,7.06564436,NA,14.25,empirical
Centaurea nigra,198.99,23157.83,29,191.96,17631.84,29,2569.17,2.3655599,2.03339428,2.69772552,231.0384188,NA,2569.17,empirical
Centaurea scabiosa,NA,NA,NA,NA,NA,NA,NA,2.3655599,2.03339428,2.69772552,231.0384188,NA,231.04,modelled
Cerastium fontanum,26.93,290.72,17,31.6,449.11,17,23.26,0.54257692,-0.08000278,1.16515661,2.48800353,NA,23.26,empirical
Cerastium glomeratum,NA,NA,NA,NA,NA,NA,NA,0.1775858,-0.49531605,0.85048765,0.50517086,NA,0.51,modelled
Chamerion angustifolium,941.59,315655.6,20,941.59,315655.6,20,335.03,NA,NA,NA,NA,NA,335.03,empirical
Chrysosplenium oppositifolium,NA,NA,NA,NA,NA,NA,NA,1.68833106,0.42853835,2.94812377,47.79002721,NA,47.79,modelled
Circaea lutetiana,6.52,88.69,19,11.29,267.51,19,3.28,1.23148887,0.33678913,2.12618862,16.04075655,NA,3.28,empirical
Cirsium acaule,66.45,1603.53,10,66.45,1603.53,10,526.88,2.17274974,1.7243917,2.62110777,147.8503082,NA,526.88,empirical
Cirsium arvense,76.22,3387.84,17,79.89,3326.28,17,80.01,2.3655599,2.03339428,2.69772552,231.0384188,NA,80.01,empirical
Cirsium palustre,216.18,18997.79,20,216.18,18997.79,20,4733.31,2.82910312,1.90434724,3.75385901,673.6882129,NA,4733.31,empirical
Cirsium vulgare,76.51,8643.2,20,107.62,11129.09,20,1961.79,3.04033878,2.02599379,4.05468378,1096.333871,NA,1961.79,empirical
Clematis vitalba,149.73,23772.54,20,279.78,73167.82,20,17.74,0.78698352,-0.01831029,1.59227733,5.12327153,NA,17.74,empirical
Conopodium majus,NA,NA,NA,NA,NA,NA,NA,1.92112451,1.14284651,2.69940251,82.39202347,NA,82.39,modelled
Convolvulus arvensis,351.82,83108.27,14,351.82,83108.27,14,70.16,2.07239739,1.44597954,2.69881523,117.1401141,NA,70.16,empirical
Cornus sanguinea,68.79,3696.94,10,71.47,3469.97,10,5.65,NA,NA,NA,NA,NA,5.65,empirical
Corylus avellana,NA,NA,NA,NA,NA,NA,NA,0.43067369,-0.279985,1.14133238,1.69571323,NA,1.7,modelled
Crataegus monogyna,102.47,9471.82,18,138.54,37243.16,18,584.18,2.60699364,1.79015155,3.42383572,403.5699619,NA,584.18,empirical
Crepis capillaris,9.02,94.17,19,12.45,157.31,19,59.83,2.00056878,1.58930599,2.41183158,99.1310529,NA,59.83,empirical
Cruciata laevipes,NA,NA,NA,NA,NA,NA,NA,NA,NA,NA,NA,NA,NA,NA
Cultivated bean,53.44,11444.76,20,74.77,20473.15,20,51.76,1.55073888,1.05149048,2.04998729,34.54175603,NA,51.76,empirical
Cynoglossum officinale,NA,NA,NA,NA,NA,NA,NA,2.98785169,1.22471642,4.75098697,971.4150995,NA,971.42,modelled
Cytisus scoparius,33.96,2129.69,10,127.57,20392.75,10,74.18,2.07452906,1.66041306,2.48864506,117.7214134,NA,74.18,empirical
Dactylorhiza maculata,NA,NA,NA,NA,NA,NA,NA,1.85901201,1.03638806,2.68163597,71.27897975,NA,71.28,modelled
Daucus carota,7.35,92.25,20,9.7,171.44,20,213.38,2.5774779,1.76952487,3.38543092,376.9878993,NA,213.38,empirical
Digitalis purpurea,1273.88,1531674.44,18,1273.88,1531674.44,18,245.6,2.64453066,1.63018566,3.65887566,440.0934997,NA,245.6,empirical
Doronicum pardalianches,NA,NA,NA,NA,NA,NA,NA,NA,NA,NA,NA,NA,NA,NA
Drosera rotundifolia,NA,NA,NA,NA,NA,NA,NA,0.41110111,-0.77925279,1.60145502,1.57692105,NA,1.58,modelled
Echium vulgare,NA,NA,NA,NA,NA,NA,NA,3.06445051,1.23791113,4.89098989,1158.980023,NA,1158.98,modelled
Empetrum nigrum,NA,NA,NA,NA,NA,NA,NA,0.92102069,0.04583881,1.79620257,7.33720904,NA,7.34,modelled
Epilobium hirsutum,323.52,37771.93,20,433.82,89382.41,20,50.68,1.63295042,0.84690542,2.41899542,41.94873901,NA,50.68,empirical
Epilobium montanum,66.96,1465.1,20,66.96,1465.1,20,17.05,0.83700862,0.10853511,1.56548212,5.87082069,NA,17.05,empirical
Epilobium obscurum,NA,NA,NA,NA,NA,NA,NA,0.83700862,0.10853511,1.56548212,5.87082069,NA,5.87,modelled
Epilobium palustre,NA,NA,NA,NA,NA,NA,NA,1.10497418,0.31488635,1.89506201,11.73427368,NA,11.73,modelled
Epilobium parviflorum,NA,NA,NA,NA,NA,NA,NA,1.10497418,0.31488635,1.89506201,11.73427368,NA,11.73,modelled
Epilobium tetragonum,20.6,291.35,10,51.28,1021.27,10,7.66,0.83700862,0.10853511,1.56548212,5.87082069,NA,7.66,empirical
Erica cinerea,80.63,6069.49,20,81.31,5634.27,20,2558.83,1.97115662,1.22759245,2.71472079,92.57430696,NA,2558.83,empirical
Erica tetralix,70.3,6414.06,20,70.3,6414.06,20,204.66,2.23912218,1.55493746,2.92330691,172.4291852,NA,204.66,empirical
Eupatorium cannabinum,17.02,159.95,20,29.97,603.47,20,572.1,2.73132576,2.36546086,3.09719065,537.6736797,NA,572.1,empirical
Euphrasia officinalis agg.,17.83,226.82,20,26.25,553.11,20,62.94,1.65448716,0.67551243,2.63346189,44.13226853,NA,62.94,empirical
Fagopyrum esculentum,NA,NA,NA,NA,NA,NA,NA,0.46285252,-0.59224782,1.51795286,1.90303669,NA,1.9,modelled
Fallopia convolvulus,65.08,1042.82,10,65.08,1042.82,10,NA,1.12239307,0.33007021,1.91471592,12.25540699,NA,12.26,modelled
Fallopia japonica,57.15,1780.28,10,82.52,3528.5,10,159.6,2.07635919,1.22800633,2.92471205,118.2227644,NA,159.6,empirical
Filipendula ulmaria,0,0,18,0,0,18,0,0.53450504,-0.08362481,1.15263489,2.42377361,NA,0,empirical
Galeopsis tetrahit agg.,NA,NA,NA,NA,NA,NA,NA,2.16169652,1.45292352,2.87046952,144.1097251,NA,144.11,modelled
Galium aparine,9.48,12.41,10,12.52,18.18,10,4.89,0.47433685,-0.26199868,1.21067238,1.98082754,NA,4.89,empirical
Galium mollugo,3.58,5.78,10,5.01,11.16,10,0.34,0.96752725,0.27845075,1.65660374,8.27955706,NA,0.34,empirical
Galium palustre,NA,NA,NA,NA,NA,NA,NA,0.96752725,0.27845075,1.65660374,8.27955706,NA,8.28,modelled
Galium saxatile,0.94,4.07,10,1.25,7.31,10,0.73,0.79457155,0.06629695,1.52284615,5.23119794,NA,0.73,empirical
Galium verum,0.66,2.11,20,0.75,2.7,20,115.6,0.96752725,0.27845075,1.65660374,8.27955706,NA,115.6,empirical
Geranium dissectum,2.69,14.99,20,4.88,52.45,20,0.57,0.53233734,-0.23662799,1.30130268,2.40672709,NA,0.57,empirical
Geranium molle,20.55,554.24,18,59.85,12124.96,18,21.38,0.96610312,0.12667685,1.80552939,8.24917766,NA,21.38,empirical
Geranium pratense,16.43,78.15,10,27.81,177.02,10,1.73,1.14173909,0.39766361,1.88581456,12.85922944,NA,1.73,empirical
Geranium robertianum,97.79,5622.5,15,222.87,44969.33,15,11.99,0.45573853,-0.24860667,1.16008372,1.85587062,NA,11.99,empirical
Geum rivale,NA,NA,NA,NA,NA,NA,NA,1.7652624,1.11197983,2.41854496,57.24550257,NA,57.25,modelled
Geum urbanum,29.8,1147.69,17,69.57,6724.84,17,1.93,0.72030233,0.15458768,1.28601698,4.25172924,NA,1.93,empirical
Gladiolus sp.,3142.49,6590782.6,20,3142.49,6590782.6,20,NA,2.09440989,1.39262173,2.79619806,123.2824747,NA,123.28,modelled
Glaux maritima,NA,NA,NA,NA,NA,NA,NA,1.62069072,0.68970922,2.55167222,40.75329141,NA,40.75,modelled
Glechoma hederacea,94.37,6628.33,30,94.37,6628.33,30,43.95,2.32313216,1.80337829,2.84288602,209.4418711,NA,43.95,empirical
Hedera helix,609.82,148115.13,19,741.34,93769.23,19,705.45,2.24289375,1.4288705,3.056917,173.9418645,NA,705.45,empirical
Helianthemum nummularium,0,0,7,0,0,7,NA,NA,NA,NA,NA,0,0,default
Heracleum sphondylium,98.17,6420.46,20,163.34,26692.24,20,1507.04,2.28689037,1.57436348,2.99941726,192.5933213,NA,1507.04,empirical
Hieracium 'indeterminate' ,NA,NA,NA,NA,NA,NA,NA,NA,NA,NA,NA,NA,NA,NA
Honckenya peploides,NA,NA,NA,NA,NA,NA,NA,1.69329217,1.00531512,2.38126922,48.35056964,NA,48.35,modelled
Hyacinthoides non-scripta,113.44,19948.82,30,113.44,19948.82,30,31.24,2.09440989,1.39262173,2.79619806,123.2824747,NA,31.24,empirical
Hydrocotyle vulgaris,NA,NA,NA,NA,NA,NA,NA,1.49094857,0.58808341,2.39381373,29.97052505,NA,29.97,modelled
Hypericum pulchrum,0,0,10,0,0,10,0,-0.12790233,-0.82273235,0.56692769,-0.25510052,NA,0,empirical
Hypochaeris radicata,14.46,145.03,20,15.61,163.53,20,101.28,2.3655599,2.03339428,2.69772552,231.0384188,NA,101.28,empirical
Ilex aquifolium,NA,NA,NA,NA,NA,NA,NA,3.27743515,2.30112675,4.25374355,1893.240631,NA,NA,NA
Impatiens glandulifera,7667.84,18217956.45,20,7667.84,18217956.45,20,607.4,2.355963,1.73973957,2.97218643,225.9671467,NA,607.4,empirical
Iris pseudacorus,3412.53,12270524.97,30,3412.53,12270524.97,30,124.56,2.46017575,1.73651086,3.18384064,287.5198853,NA,124.56,empirical
Knautia arvensis,146.31,8841.3,20,146.31,8841.3,20,846.39,2.6443553,2.11078842,3.17792217,439.9154289,NA,846.39,empirical
Lamiastrum galeobdolon,440.16,170615.27,20,440.16,170615.27,20,155.63,2.28912106,1.80226344,2.77597867,193.5902419,NA,155.63,empirical
Lamium album,1043.99,225258.01,20,1043.99,225258.01,20,1197.67,2.28912106,1.80226344,2.77597867,193.5902419,NA,1197.67,empirical
Lamium maculatum,NA,NA,NA,NA,NA,NA,NA,2.28912106,1.80226344,2.77597867,193.5902419,NA,193.59,modelled
Lamium purpureum,30.66,967.02,20,30.66,967.02,20,39.27,1.92412994,1.35674398,2.49151591,82.97111956,NA,39.27,empirical
Lapsana communis,0.26,0.49,7,0.36,0.89,7,3.14,2.0453252,1.62026008,2.47039032,110.0005676,NA,3.14,empirical
Lathyrus latifolius,1387.82,437139.36,10,1387.82,437139.36,10,716.38,1.91573,1.4623374,2.36912259,81.36259014,NA,716.38,empirical
Lathyrus pratensis,952.69,630508.66,20,952.69,630508.66,20,185.98,1.91573,1.4623374,2.36912259,81.36259014,NA,185.98,empirical
Leontodon autumnalis,13.7,560.68,20,19.62,1072.77,20,391.29,2.3655599,2.03339428,2.69772552,231.0384188,NA,391.29,empirical
Leontodon hispidus,6.15,52.85,17,8.27,90.02,17,38.27,2.3655599,2.03339428,2.69772552,231.0384188,NA,38.27,empirical
Leontodon saxatilis,NA,NA,NA,NA,NA,NA,NA,2.3655599,2.03339428,2.69772552,231.0384188,NA,231.04,modelled
Leucanthemum vulgare,15.81,134.43,19,29.47,467.41,19,1181.32,2.5385156,2.10368195,2.97334925,344.5537391,NA,1181.32,empirical
Ligustrum vulgare,66.75,3905.1,9,91.72,7266.32,9,274.98,NA,NA,NA,NA,NA,274.98,empirical
Linaria vulgaris,543.89,108853.37,10,543.89,108853.37,10,651.88,1.77694161,1.14976623,2.40411699,58.83311471,NA,651.88,empirical
Linum usitatissimum,NA,NA,NA,NA,NA,NA,NA,1.57998327,0.55519645,2.60477009,37.01747504,NA,37.02,modelled
Lonicera periclymenum,1726.84,513585.25,30,1726.84,513585.25,30,89.64,2.68694302,2.13619721,3.23768882,485.3433878,NA,89.64,empirical
Lotus corniculatus,61.82,3613.92,21,61.82,3613.92,21,22.59,1.7087632,1.29861346,2.11891294,50.14029157,NA,22.59,empirical
Lotus pedunculatus,35.36,926.51,10,35.36,926.51,10,8.45,1.7087632,1.29861346,2.11891294,50.14029157,NA,8.45,empirical
Lupinus polyphyllus,NA,NA,NA,NA,NA,NA,NA,1.91573,1.4623374,2.36912259,81.36259014,NA,81.36,modelled
Lychnis flos-cuculi,NA,NA,NA,NA,NA,NA,NA,1.93210137,1.18111459,2.68308814,84.5266311,NA,84.53,modelled
Lycopus europaeus,NA,NA,NA,NA,NA,NA,NA,2.6122992,1.95445534,3.27014305,408.5427076,NA,408.54,modelled
Lysimachia nemorum,7.18,14.53,10,22.56,163.53,10,0.65,0.37918804,-0.42611429,1.18449037,1.39435223,NA,0.65,empirical
Lythrum salicaria,136.72,15835.43,20,136.72,15835.43,20,190.77,1.99318581,1.28439488,2.70197673,97.44321947,NA,190.77,empirical
Malus domestica,110.21,9953.57,16,175.83,31780.26,16,7.92,1.88304301,1.27479176,2.49129425,75.39114276,NA,7.92,empirical
Matricaria discoidea,0.28,0.79,10,0.5,2.5,10,50.83,1.67955934,1.27126115,2.08785753,46.81446942,NA,50.83,empirical
Matricaria recutita,0.6,1.68,10,0.75,2.85,10,58.31,2.0771676,1.52328284,2.63105236,118.4448966,NA,58.31,empirical
Medicago lupulina,1.63,5.52,8,2.5,14.35,8,21.17,1.53312724,0.80283532,2.26341916,33.12928866,NA,21.17,empirical
Medicago sativa,146.14,5026.68,10,146.14,5026.68,10,126.4,1.38775376,0.86554125,1.90996627,23.42045536,NA,126.4,empirical
Melilotus officinalis,20.17,172.73,10,28.99,357.58,10,107.32,2.21990254,1.49185377,2.94795131,164.9214511,NA,107.32,empirical
Mentha aquatica,NA,NA,NA,NA,NA,NA,NA,2.24653334,1.66688591,2.82618077,175.4141183,NA,175.41,modelled
Mercurialis perennis,0,0,20,0,0,20,0,0.06490783,-0.60345284,0.7332685,0.16120215,NA,0,empirical
Montia fontana,NA,NA,NA,NA,NA,NA,NA,0.9271751,-0.41555202,2.26990222,7.45619713,NA,7.46,modelled
Myosotis arvensis,23.36,374,20,48.11,1456.49,20,478.1,2.68042727,1.35529372,4.00556081,478.1012094,NA,478.1,empirical
Narthecium ossifragum,0,0,10,0,0,10,0,0.13428952,-0.64921792,0.91779695,0.36235257,NA,0,empirical
Odontites vernus,10.84,275.8,10,23.3,1112.36,10,NA,1.95618604,1.33266347,2.57970862,89.40366612,NA,89.4,modelled
Oenanthe crocata,NA,NA,NA,NA,NA,NA,NA,NA,NA,NA,NA,NA,NA,NA
Onobrychis viciifolia,NA,NA,NA,NA,NA,NA,NA,1.7087632,1.29861346,2.11891294,50.14029157,NA,50.14,modelled
Origanum vulgare,49.84,925.94,20,49.84,925.94,20,901.57,2.24653334,1.66688591,2.82618077,175.4141183,NA,901.57,empirical
Oxalis acetosella,15.53,142.22,20,26.73,294.3,20,3.76,1.30641051,0.55472833,2.05809269,19.24932299,NA,3.76,empirical
Papaver dubium,NA,NA,NA,NA,NA,NA,NA,-0.02676313,-1.40143814,1.34791188,-0.05976402,NA,0,modelled
Papaver rhoeas,5.35,105.1,14,8.94,386.83,14,0.47,0.16604703,-1.15908652,1.49118057,0.46570654,NA,0.47,empirical
Papaver somniferum,NA,NA,NA,NA,NA,NA,NA,0.53181288,-0.82858241,1.89220818,2.40261556,NA,2.4,modelled
Pastinaca sativa,0.13,0.16,20,0.25,0.59,20,NA,1.88788816,1.03822049,2.73755583,76.24816283,NA,76.25,modelled
Pedicularis sylvatica,NA,NA,NA,NA,NA,NA,NA,2.25828747,1.16631383,3.35026112,180.2539473,NA,180.25,modelled
Persicaria lapathifolium,NA,NA,NA,NA,NA,NA,NA,1.12239307,0.33007021,1.91471592,12.25540699,NA,12.26,modelled
Persicaria maculosa,20.34,655.48,10,71.13,13256.23,10,17.06,0.75662721,-0.05418317,1.56743758,4.70988298,NA,17.06,empirical
Petasites hybridus,NA,NA,NA,NA,NA,NA,NA,2.3655599,2.03339428,2.69772552,231.0384188,NA,231.04,modelled
Picris echioides,6.48,22.1,8,7.52,28.73,8,113.41,2.00056878,1.58930599,2.41183158,99.1310529,NA,113.41,empirical
Pilosella officinarum,7.08,140.2,10,8.55,197.83,10,6.86,NA,NA,NA,NA,NA,6.86,empirical
Pinguicula vulgaris,NA,NA,NA,NA,NA,NA,NA,2.19297787,1.5578542,2.82810155,154.9473051,NA,154.95,modelled
Pisum sativum,20.2,400.06,20,26.42,445.48,20,0.96,1.12056294,0.52891488,1.712211,12.19966586,NA,0.96,empirical
Plantago coronopus,0,0,10,0,0,10,0,-0.02096839,-0.67266169,0.63072491,-0.04713448,NA,0,empirical
Plantago lanceolata,NA,NA,NA,NA,NA,NA,NA,0.13783068,-0.55784188,0.83350324,0.37350637,NA,0.37,modelled
Plantago major,0,0,10,0,0,10,0,-0.02096839,-0.67266169,0.63072491,-0.04713448,NA,0,empirical
Plantago maritima,NA,NA,NA,NA,NA,NA,NA,0.13783068,-0.55784188,0.83350324,0.37350637,NA,0.37,modelled
Plantago media,NA,NA,NA,NA,NA,NA,NA,0.13783068,-0.55784188,0.83350324,0.37350637,NA,0.37,modelled
Polygala vulgaris/serpyllifolia,NA,NA,NA,NA,NA,NA,NA,1.30641051,0.55472833,2.05809269,19.24932299,NA,19.25,modelled
Polygonum aviculare agg.,3.05,24.7,20,6.15,94.16,20,2.11,1.12239307,0.33007021,1.91471592,12.25540699,NA,2.11,empirical
Populus tremula,NA,NA,NA,NA,NA,NA,NA,2.87812225,1.43847558,4.31776891,754.3048024,NA,NA,NA
Potentilla anserina,5.62,83.64,19,12.27,513.93,19,0.09,1.04131177,0.57457435,1.50804919,9.99795072,NA,0.09,empirical
Potentilla erecta,33.28,441.12,9,43.62,639.23,9,46.83,1.04131177,0.57457435,1.50804919,9.99795072,NA,46.83,empirical
Potentilla reptans,30.85,830.53,5,60.18,3335.03,5,18.97,NA,NA,NA,NA,NA,18.97,empirical
Potentilla sterilis,NA,NA,NA,NA,NA,NA,NA,0.84850161,0.29368976,1.40331346,6.0550746,NA,6.06,modelled
Primula veris,NA,NA,NA,NA,NA,NA,NA,2.01829898,1.16481114,2.87178681,103.3035223,NA,103.3,modelled
Primula vulgaris,171.91,37325.02,20,171.91,37325.02,20,73.47,2.01829898,1.16481114,2.87178681,103.3035223,NA,73.47,empirical
Prunella vulgaris,138.62,18230.51,16,138.62,18230.51,16,324.27,2.28912106,1.80226344,2.77597867,193.5902419,NA,324.27,empirical
Prunus avium,384.48,78858.82,21,384.48,78858.82,21,196.69,1.04131177,0.57457435,1.50804919,9.99795072,NA,196.69,empirical
Prunus domestica,NA,NA,NA,NA,NA,NA,NA,1.40707763,0.9005576,1.91359766,24.53157625,NA,24.53,modelled
Prunus spinosa,266.23,18028.71,20,266.23,18028.71,20,258.51,1.40707763,0.9005576,1.91359766,24.53157625,NA,258.51,empirical
Pulicaria dysenterica,0.21,0.4,20,0.25,0.59,20,7.29,NA,NA,NA,NA,NA,7.29,empirical
Pyrus communis,NA,NA,NA,NA,NA,NA,NA,1.88304301,1.27479176,2.49129425,75.39114276,NA,75.39,modelled
Ranunculus acris,78.83,1877.31,18,132.02,4501.06,18,49.66,0.94602415,0.47957625,1.41247205,7.8312901,NA,49.66,empirical
Ranunculus bulbosus,49.33,1195.66,20,74.28,2638.19,20,10.98,0.94602415,0.47957625,1.41247205,7.8312901,NA,10.98,empirical
Ranunculus ficaria,13.2,807.27,20,47.14,15942.63,20,0.92,0.75321399,0.19664797,1.30978002,4.66518364,NA,0.92,empirical
Ranunculus flammula,11.84,315.72,20,13.14,403.85,20,4.47,0.94602415,0.47957625,1.41247205,7.8312901,NA,4.47,empirical
Ranunculus lingua,205.77,17366.78,10,218.93,18598.38,10,8.82,1.31179001,0.76793162,1.8556484,19.50170641,NA,8.82,empirical
Ranunculus repens,104.51,1613.87,14,183.83,9160.65,14,26.39,0.94602415,0.47957625,1.41247205,7.8312901,NA,26.39,empirical
Ranunculus sardous,NA,NA,NA,NA,NA,NA,NA,0.58103304,-0.001893,1.16395907,2.81094812,NA,2.81,modelled
Raphanus raphanistrum,115.08,4754.85,20,115.08,4754.85,20,NA,1.14748843,0.41288119,1.88209567,13.0439226,NA,13.04,modelled
Raphanus sativus,112.32,4681.16,10,112.32,4681.16,10,NA,1.65785302,1.02887369,2.28683235,44.48341034,0,0,default
Rhinanthus minor,108.9,5153.4,20,95.79,2092.48,20,50.05,1.85928526,0.88031053,2.83825999,71.32447043,NA,50.05,empirical
Rhododendron ponticum,1256.86,1134328.51,20,1256.86,1134328.51,20,196.91,NA,NA,NA,NA,NA,196.91,empirical
Rhynchospora alba,NA,NA,NA,NA,NA,NA,NA,0.2964999,-0.54944788,1.14244767,0.97924654,NA,0.98,modelled
Rosa canina agg.,17.33,377.66,17,34.25,2063.54,17,0.57,0.40630576,-0.18835245,1.00096396,1.54862393,NA,0.57,empirical
Rubus chamaemorus,NA,NA,NA,NA,NA,NA,NA,1.92406146,1.33836576,2.50975716,82.95787917,NA,82.96,modelled
Rubus fruticosus agg.,1892.83,4856781.94,20,1880.14,4899935.1,20,167.49,2.20762707,1.5449438,2.87031034,160.2972903,NA,167.49,empirical
Rubus idaeus,NA,NA,NA,NA,NA,NA,NA,2.28982732,1.67230677,2.90734787,193.9069467,NA,193.91,modelled
Sagina sp.,0,0,10,0,0,10,0,0.54257692,-0.08000278,1.16515661,2.48800353,NA,0,empirical
Salix alba,NA,NA,NA,NA,NA,NA,NA,3.55788468,2.23275113,4.88301822,3612.139042,NA,3612.14,modelled
Salix caprea,NA,NA,NA,NA,NA,NA,NA,3.55788468,2.23275113,4.88301822,3612.139042,NA,3612.14,modelled
Salix cinerea,36.03,1274.69,9,36.03,1274.69,9,3612.14,3.55788468,2.23275113,4.88301822,3612.139042,NA,3612.14,empirical
Salix fragilis,NA,NA,NA,NA,NA,NA,NA,3.55788468,2.23275113,4.88301822,3612.139042,NA,3612.14,modelled
Salix repens agg.,NA,NA,NA,NA,NA,NA,NA,3.0819193,1.62559125,4.53824734,1206.589409,NA,1206.59,modelled
Salvia pratensis,NA,NA,NA,NA,NA,NA,NA,2.68889801,2.1106555,3.26714053,487.537621,NA,487.54,modelled
Salvia verticillata,NA,NA,NA,NA,NA,NA,NA,2.32313216,1.80337829,2.84288602,209.4418711,NA,209.44,modelled
Sambucus nigra,9.21,18.31,10,12.52,12.61,10,42.45,1.39559818,0.62718689,2.16400947,23.86555614,NA,42.45,empirical
Sanguisorba minor,0.11,0.07,6,0.86,4.43,6,0.24,0.36154934,-0.21963816,0.94273685,1.29905489,NA,0.24,empirical
Saponaria officinalis,445.64,70524.28,7,445.64,70524.28,7,73.23,1.76989099,1.0957104,2.44407157,57.86958659,NA,73.23,empirical
Senecio erucifolius,26.86,571.91,10,26.86,571.91,10,1057.64,2.73132576,2.36546086,3.09719065,537.6736797,NA,1057.64,empirical
Senecio jacobaea,22.6,127.53,19,30.92,264.84,19,1602.69,2.73132576,2.36546086,3.09719065,537.6736797,NA,1602.69,empirical
Senecio vulgaris,0.19,0.69,20,0.25,1.25,20,74.33,1.67955934,1.27126115,2.08785753,46.81446942,NA,74.33,empirical
Sherardia arvensis,NA,NA,NA,NA,NA,NA,NA,0.50786384,-0.63773444,1.65346212,2.22005907,NA,2.22,modelled
Silene dioica,450.65,104164.74,20,450.65,104164.74,20,101.47,2.09090043,1.4035935,2.77820736,122.2822148,NA,101.47,empirical
Silene vulgaris,251.47,82165.54,6,251.47,82165.54,6,NA,1.93210137,1.18111459,2.68308814,84.5266311,NA,84.53,modelled
Sinapis arvensis,55.6,4456.07,20,55.6,4456.07,20,602.26,2.02855353,1.1241282,2.93297885,105.7956412,NA,602.26,empirical
Sison amomum,NA,NA,NA,NA,NA,NA,NA,NA,NA,NA,NA,NA,NA,NA
Sisymbrium officinale,1.8,5.69,16,4.38,33.07,16,2.13,0.55851342,-0.1794868,1.29651364,2.61837372,NA,2.13,empirical
Solanum dulcamara,1.94,3.8,9,3.34,10.99,9,0.16,0.41552814,-0.405308,1.23636428,1.60332349,NA,0.16,empirical
Solanum nigrum,0,0,10,0,0,10,0,-0.44342812,-1.25768251,0.37082627,-0.63977663,NA,0,empirical
Solanum tuberosum,27.29,570.25,20,52.72,1789.46,20,0.42,0.24257244,-0.5525459,1.03769078,0.74812481,NA,0.42,empirical
Solidago canadensis,NA,NA,NA,NA,NA,NA,NA,2.73132576,2.36546086,3.09719065,537.6736797,NA,537.67,modelled
Sonchus arvensis,3.34,16.86,12,4.59,31.76,12,89.91,2.0453252,1.62026008,2.47039032,110.0005676,NA,89.91,empirical
Sonchus asper,0.13,0.24,30,0.17,0.4,30,3.45,1.77735964,1.21700096,2.33771831,58.89073392,NA,3.45,empirical
Sonchus oleraceus,3.58,14.13,20,5.76,37.08,20,119.53,2.32454145,1.56955932,3.07952357,210.1258663,NA,119.53,empirical
Sorbus aucuparia,40.54,2116.73,10,40.54,2116.73,10,77.34,1.88304301,1.27479176,2.49129425,75.39114276,NA,77.34,empirical
Sorbus torminalis,NA,NA,NA,NA,NA,NA,NA,0.45233676,-0.19337897,1.09805249,1.83358838,NA,1.83,modelled
Spergula arvensis/Spergularia rupicola,NA,NA,NA,NA,NA,NA,NA,0.1775858,-0.49531605,0.85048765,0.50517086,NA,0.51,modelled
Stachys palustris,NA,NA,NA,NA,NA,NA,NA,2.65488692,2.06948536,3.24028847,450.7383035,NA,450.74,modelled
Stachys sylvatica,311.11,14872.92,19,311.11,14872.92,19,NA,2.65488692,2.06948536,3.24028847,450.7383035,NA,450.74,modelled
Stellaria graminea,17.05,129.09,10,22.69,239.83,10,16.25,0.93874176,0.32864247,1.54884106,7.68443887,NA,16.25,empirical
Stellaria holostea,5.54,57.64,5,13.03,346.64,5,0.01,0.81054248,0.23149067,1.38959429,5.46461223,NA,0.01,empirical
Stellaria media,7.11,42.64,10,11.29,88.77,10,3.32,0.44555137,-0.18133745,1.07244018,1.78966058,NA,3.32,empirical
Stellaria palustris,NA,NA,NA,NA,NA,NA,NA,0.81054248,0.23149067,1.38959429,5.46461223,NA,5.46,modelled
Stellaria uliginosa,NA,NA,NA,NA,NA,NA,NA,0.54257692,-0.08000278,1.16515661,2.48800353,NA,2.49,modelled
Succisa pratensis,47.47,2648.46,20,47.47,2648.46,20,409.28,2.6443553,2.11078842,3.17792217,439.9154289,NA,409.28,empirical
Symphytum officinale,1969.46,829595.91,10,1969.46,829595.91,10,NA,3.29842791,1.70986812,4.88698769,1987.052756,NA,1987.05,modelled
Taraxacum agg.,22.57,507.61,19,26.31,658.44,19,686.23,2.73132576,2.36546086,3.09719065,537.6736797,NA,686.23,empirical
Teucrium scorodonia,173.61,29481.19,20,173.61,29481.19,20,104.65,2.32313216,1.80337829,2.84288602,209.4418711,NA,104.65,empirical
Thymus polytrichus,24.65,517.21,10,24.65,517.21,10,15.83,2.24653334,1.66688591,2.82618077,175.4141183,NA,15.83,empirical
Tilia platyphyllos,NA,NA,NA,NA,NA,NA,NA,2.4674666,1.36187062,3.57306258,292.4043831,NA,292.4,modelled
Trientalis europaea,NA,NA,NA,NA,NA,NA,NA,0.37918804,-0.42611429,1.18449037,1.39435223,NA,1.39,modelled
Trifolium arvense,NA,NA,NA,NA,NA,NA,NA,1.02276264,0.53197954,1.51354574,9.53810796,NA,9.54,modelled
Trifolium dubium,0,0,20,0,0,20,0,1.15096193,0.60585051,1.69607335,13.15669665,NA,0,empirical
Trifolium hybridum,NA,NA,NA,NA,NA,NA,NA,1.7087632,1.29861346,2.11891294,50.14029157,NA,50.14,modelled
Trifolium pratense,116.86,5041.12,18,125.46,5510.9,18,894.26,2.07452906,1.66041306,2.48864506,117.7214134,NA,894.26,empirical
Trifolium repens,48.97,1317.19,23,79.67,6476.01,23,803.62,1.7087632,1.29861346,2.11891294,50.14029157,NA,803.62,empirical
Tripleurospermum inodorum,NA,NA,NA,NA,NA,NA,NA,2.00056878,1.58930599,2.41183158,99.1310529,NA,99.13,modelled
Tripleurospermum maritimum/inodorum,NA,NA,NA,NA,NA,NA,NA,2.00056878,1.58930599,2.41183158,99.1310529,NA,99.13,modelled
Tussilago farfara,NA,NA,NA,NA,NA,NA,NA,2.20676084,1.67942386,2.73409781,159.9758899,NA,159.98,modelled
Ulex europaeus,1.98,2.42,20,8.1,58.63,20,1.11,2.07452906,1.66041306,2.48864506,117.7214134,NA,1.11,empirical
Ulex gallii,11.32,1056.13,14,42.09,21032.83,14,6.05,NA,NA,NA,NA,NA,6.05,empirical
Ulmus procera,NA,NA,NA,NA,NA,NA,NA,NA,NA,NA,NA,NA,NA,NA
Vaccinium myrtillus,1058.27,708120.34,18,1058.27,708120.34,18,143.15,2.16252337,1.51313813,2.8119086,144.386261,NA,143.15,empirical
Vaccinium oxycoccos,NA,NA,NA,NA,NA,NA,NA,2.29072265,1.60414946,2.97729584,194.3091772,NA,194.31,modelled
Vaccinium vitis-idaea,183.74,12947.26,10,183.74,12947.26,10,9.55,2.29072265,1.60414946,2.97729584,194.3091772,NA,9.55,empirical
Veronica arvensis,NA,NA,NA,NA,NA,NA,NA,0.74637668,-0.03841876,1.53117211,4.5766922,NA,4.58,modelled
Veronica chamaedrys,8.85,84.1,19,15.77,268.23,19,5.06,1.53985914,0.68472704,2.39499124,33.66244095,NA,5.06,empirical
Veronica montana,NA,NA,NA,NA,NA,NA,NA,1.53985914,0.68472704,2.39499124,33.66244095,NA,33.66,modelled
Veronica officinalis,NA,NA,NA,NA,NA,NA,NA,1.7003428,1.07152118,2.32916441,49.15829846,NA,49.16,modelled
Veronica persica,31.59,833.67,20,43.82,1434.55,20,42.87,1.01434224,0.33257835,1.69610613,9.33575578,NA,42.87,empirical
Veronica serpyllifolia,2.83,9.41,10,5.87,51.17,10,5.46,1.50753264,0.83028311,2.18478216,31.17604318,NA,5.46,empirical
Vicia cracca,484.4,169146.23,20,484.4,169146.23,20,105.55,1.91573,1.4623374,2.36912259,81.36259014,NA,105.55,empirical
Vicia sativa,300.34,44328.44,10,300.34,44328.44,10,327.02,1.51672779,1.00008739,2.03336818,31.86455717,NA,327.02,empirical
Vicia sepium,117.07,9144.48,7,117.07,9144.48,7,NA,1.8817189,1.41346633,2.34997146,75.15859075,NA,75.16,modelled
Viola arvensis,53.45,2171.83,10,53.45,2171.83,10,21.71,1.03115161,0.04287873,2.01942448,9.74364396,NA,21.71,empirical
Viola canina,NA,NA,NA,NA,NA,NA,NA,1.82631867,0.78546063,2.8671767,66.03763208,NA,66.04,modelled
Viola palustris,NA,NA,NA,NA,NA,NA,NA,1.71402416,0.45080024,2.97724809,50.76356309,NA,50.76,modelled
Viola riviniana,NA,NA,NA,NA,NA,NA,NA,1.66410829,0.67583541,2.65238116,45.1432613,NA,45.14,modelled
Viola riviniana/reichenbiana,173.41,42719.94,20,173.41,42719.94,20,20.83,1.66410829,0.67583541,2.65238116,45.1432613,NA,20.83,empirical