POT_NUMBER,GLYCENE_LABELLED,WATER_TREATMENT,BLOCK,ONYCH,SCHEL,ISOT,MESA,PLATY,PSEU,HYPO,FOLS,PRED,PERCENT_RLC,CUT1_SHOOT_181201,CUT2_SHOOT_140202,CUT3_SHOOT_080402,ROOT,MBC,MBN,AMMONIA,NITRATE,PHOSPHATE,ROOT_PERCENT_TOTAL_N,ROOT_D15N,ROOT_PERCENT_TOTAL_C,ROOT_D13C,SHOOT_PERCENT_TOTAL_N,SHOOT_D15N,PERCENT_SOIL_TOTAL_N,SOIL_D15N,MGN_UNFUMIGATED_SAMPLE,D15N_UNFUMIGATED_SAMPLE,MGN_FUMIGATED_SAMPLE,D15N_FUMIGATED_SAMPLE
1,Labelled,drought,1,0,0,0,0,0,0,0,0,0,14,0.08,0.18,0.75,0.73,1.44,0.30,0.92,2.45,4.64,0.85,181.53,40.15,-26.28,1.60,136.38,0.66,12.34,76.2587,35.62,159.2017156,123.05
2,Labelled,drought,2,0,0,0,0,0,0,0,0,0,23,0.05,0.19,0.59,0.65,1.67,0.35,2.48,3.02,3.09,0.95,142.04,46.03,-25.71,1.53,79.75,0.66,11.68,78.2795,58.23,223.1614275,156.35
3,Labelled,drought,3,0,0,0,0,0,0,0,0,0,13,0.08,0.28,0.61,0.59,1.49,0.25,1.30,2.00,0.38,0.86,175.65,44.32,-27.8,1.60,157.38,0.65,9.35,29.6189,31.72,35.77763437,55.62
4,Labelled,drought,4,0,0,0,0,0,0,0,0,0,20,0.04,0.18,1.08,0.73,1.61,0.25,1.54,1.93,1.02,0.95,166.00,43.97,-26.83,1.58,142.35,0.65,12.28,74.7339,32.99,206.9396375,157.08
5,Labelled,water,1,0,0,0,0,0,0,0,0,0,14,0.05,0.20,0.58,0.68,1.68,0.17,2.68,5.29,2.63,0.67,171.15,46.44,-26.92,1.19,60.33,0.69,16.43,36.251,17.78,160.0058632,185.72
6,Labelled,water,2,0,0,0,0,0,0,0,0,0,9,0.05,0.11,0.62,0.69,1.65,0.19,2.72,4.71,5.53,0.81,205.77,46.01,-26.43,1.57,176.79,0.69,7.69,46.6408,12.19,172.1772108,39.96
7,Labelled,water,3,0,0,0,0,0,0,0,0,0,11,0.08,0.14,0.84,0.87,1.47,0.19,0.93,2.77,5.11,0.64,210.85,31.26,-27.53,1.37,222.93,0.62,9.70,74.0598,27.34,202.5850179,70.47
8,Labelled,water,4,0,0,0,0,0,0,0,0,0,18,0.11,0.33,0.46,0.58,2.09,0.25,1.71,2.21,6.41,0.65,238.97,35.64,-28.74,1.33,223.97,0.64,12.66,82.5366,38.7,181.713337,146.21
9,control,drought,1,0,0,0,0,0,0,0,0,0,21,0.03,0.11,1.07,0.93,1.15,0.34,1.67,2.15,8.43,0.83,4.12,41.94,-27.41,1.62,8.51,0.63,2.69,16.3637,4.69,199.3196125,4.26
10,control,water,1,0,0,0,0,0,0,0,0,0,9,0.05,0.15,1.12,0.91,1.25,0.19,1.21,3.26,3.05,0.84,1.71,40.77,-27.56,1.43,5.64,0.68,2.89,64.7932,3.32,210.8231931,3.67
11,Labelled,drought,4,1,0,0,0,0,0,0,0,0,31,0.07,0.21,0.52,0.57,1.41,0.36,1.43,3.19,2.95,0.89,213.59,39.41,-27.29,1.80,194.95,0.64,10.04,91.0913,34.3,255.6489298,82.89
12,Labelled,drought,1,1,0,0,0,0,0,0,0,0,25,0.09,0.18,0.70,0.65,1.35,0.17,1.66,2.69,3.32,0.95,235.70,44.65,-26.13,2.05,128.6,0.67,10.22,177.0951,119.78,253.6731418,125.74
13,Labelled,drought,2,1,0,0,0,0,0,0,0,0,11,0.04,0.18,0.40,0.33,1.29,0.20,1.81,2.66,5.83,0.66,326.34,47.71,-27.7,1.31,289.25,0.62,11.24,57.9564,33.3,196.4176212,103.6
14,Labelled,drought,3,1,0,0,0,0,0,0,0,0,19,0.09,0.11,0.85,0.55,0.81,0.04,1.49,2.32,0.00,0.93,280.18,42.11,-27.28,1.94,127.91,0.67,11.60,85.3923,101.65,132.7918849,162.04
15,Labelled,water,4,1,0,0,0,0,0,0,0,0,20,0.10,0.25,0.59,0.53,1.66,0.38,2.21,3.49,9.14,0.71,182.49,43.70,-28.6,1.23,237.46,0.63,7.36,29.9936,52.22,135.0453592,100.05
16,Labelled,water,1,1,0,0,0,0,0,0,0,0,17,0.12,0.28,0.64,0.82,1.42,0.20,1.88,3.26,7.13,0.75,256.36,43.72,-27.87,1.32,197.78,0.61,9.05,18.3245,37.94,224.1024502,112.42
17,Labelled,water,2,1,0,0,0,0,0,0,0,0,19,0.10,0.24,0.87,0.91,1.78,0.14,0.74,3.60,0.00,0.61,134.36,45.97,-27.1,1.25,113.41,0.69,8.33,74.2534,15.01,182.3211307,58.58
18,Labelled,water,3,1,0,0,0,0,0,0,0,0,21,0.05,0.34,0.29,0.35,0.97,0.15,2.92,3.15,5.55,0.84,351.78,43.50,-27.35,1.48,402.09,0.68,9.61,53.7,95.21,113.7401339,78.18
19,control,drought,4,1,0,0,0,0,0,0,0,0,10,0.05,0.11,0.87,0.74,1.74,0.23,0.88,1.78,0.00,0.86,5.50,38.10,-27.57,1.07,11.52,0.67,4.40,78.8155,3.27,122.9965844,17.71
20,control,water,2,1,0,0,0,0,0,0,0,0,18,0.10,0.33,0.37,0.45,1.15,0.09,2.37,4.25,3.08,0.85,0.49,40.83,-28.75,1.46,3.2,0.63,3.50,52.1645,1.66,199.2557367,2.43
21,Labelled,drought,3,0,1,0,0,0,0,0,0,0,10,0.04,0.14,0.94,0.55,1.41,0.11,0.81,2.20,0.00,0.88,213.25,44.17,-25.79,1.63,144.72,0.64,10.96,47.4358,25.41,201.1342948,118.76
22,Labelled,drought,4,0,1,0,0,0,0,0,0,0,27,0.11,0.23,0.48,0.53,0.69,0.10,0.96,1.52,2.86,0.81,212.00,43.43,-28.61,1.50,244.66,0.61,12.26,83.891,41.24,203.7903479,145.25
23,Labelled,drought,1,0,1,0,0,0,0,0,0,0,17,0.09,0.23,0.76,0.70,0.80,0.12,1.44,2.81,3.87,0.84,275.78,44.10,-27.99,1.15,184.44,0.63,11.88,88.1705,48.15,209.4059343,120.82
24,Labelled,drought,2,0,1,0,0,0,0,0,0,0,23,0.13,0.24,0.41,0.39,1.75,0.31,1.97,1.78,4.39,0.72,253.26,43.80,-28.63,1.48,308.12,0.61,15.56,72.4314,22.24,200.7864759,97.08
25,Labelled,water,3,0,1,0,0,0,0,0,0,0,21,0.11,0.24,0.80,0.78,0.65,0.22,2.06,3.85,10.55,0.74,300.38,44.93,-27.45,1.02,95.52,0.70,10.54,20.8364,32.09,181.3248625,113.17
26,Labelled,water,4,0,1,0,0,0,0,0,0,0,25,0.08,0.26,0.27,0.41,1.82,0.13,1.45,3.52,4.00,0.71,236.82,47.07,-27.33,1.36,172.54,0.70,11.92,45.9962,26.9,83.15690831,112.15
27,Labelled,water,1,0,1,0,0,0,0,0,0,0,25,0.09,0.22,0.58,0.53,0.67,0.10,1.01,3.39,0.00,0.79,222.78,43.38,-28.68,1.17,309.99,0.62,9.57,30.7932,20.38,161.5219063,122.81
28,Labelled,water,2,0,1,0,0,0,0,0,0,0,29,0.08,0.26,0.82,0.78,1.41,0.17,0.99,2.53,3.80,0.78,231.66,39.70,-27.45,1.24,158.41,0.66,12.01,27.7922,20.04,217.6789276,93.35
29,control,drought,3,0,1,0,0,0,0,0,0,0,21,0.13,0.17,0.50,0.56,1.50,0.25,2.22,3.92,2.99,0.75,0.62,36.96,-28.32,1.38,4.7,0.60,2.01,56.5264,1.27,47.6480056,11.92
30,control,water,4,0,1,0,0,0,0,0,0,0,13,0.07,0.20,0.74,0.66,1.53,0.18,1.52,2.42,3.58,0.72,2.53,42.42,-28.64,1.18,9.11,0.72,3.92,88.4251,2.92,251.0568954,5.23
31,Labelled,drought,1,0,0,1,0,0,0,0,0,0,20,0.13,0.22,0.51,0.49,1.57,0.19,1.55,1.65,5.71,0.86,248.72,43.84,-27.86,1.15,197.14,0.63,13.03,75.3208,46.98,216.9291809,141.21
32,Labelled,drought,3,0,0,1,0,0,0,0,0,0,14,0.09,0.23,0.48,0.54,1.02,0.13,1.53,2.08,0.00,0.88,284.03,39.09,-26.49,1.29,176.76,0.75,12.44,83.5034,33.19,196.9979789,117.01
33,Labelled,drought,1,0,0,1,0,0,0,0,0,0,23,0.08,0.21,0.25,0.34,1.30,0.17,2.46,3.16,2.64,0.74,175.77,45.10,-28.06,1.70,335.09,0.56,11.35,8.8519,44.59,75.84701749,147.94
34,Labelled,drought,2,0,0,1,0,0,0,0,0,0,19,0.13,0.26,0.50,0.57,0.90,0.12,2.02,2.97,0.00,0.89,139.96,39.62,-28.29,1.75,251.82,0.73,12.69,67.7793,28.69,182.389306,118.59
35,Labelled,water,3,0,0,1,0,0,0,0,0,0,19,0.10,0.20,0.80,0.99,1.17,0.10,1.63,2.53,2.81,0.80,230.90,41.60,-28.02,1.36,299.53,0.50,9.91,76.9955,35.37,216.1463283,86.94
36,Labelled,water,4,0,0,1,0,0,0,0,0,0,20,0.15,0.29,0.43,0.38,0.46,0.15,7.67,3.27,5.09,0.85,176.73,45.28,-28.4,1.11,83.81,0.69,12.00,47.1122,312.29,89.56285629,409.55
37,Labelled,water,1,0,0,1,0,0,0,0,0,0,25,0.13,0.34,0.49,0.38,0.53,0.23,3.60,3.66,11.58,0.77,300.99,37.46,-27.86,1.62,354.83,0.67,8.40,42.8569,42.38,164.1528982,51.64
38,Labelled,water,2,0,0,1,0,0,0,0,0,0,18,0.09,0.24,0.57,0.52,1.18,0.17,1.04,1.83,0.00,0.64,159.47,31.69,-28,1.54,232.52,0.66,13.53,55.9817,34.19,113.1222652,112.23
39,control,water,3,0,0,1,0,0,0,0,0,0,32,0.11,0.26,0.53,0.88,0.60,0.15,1.27,3.11,2.94,0.91,-0.83,40.74,-29.07,1.28,0.82,0.69,3.79,80.5008,2.84,209.7397086,2.42
40,control,drought,4,0,0,1,0,0,0,0,0,0,36,0.14,0.21,0.46,0.56,0.89,0.14,1.43,3.12,3.33,1.01,1.37,41.99,-29.06,1.30,2.03,0.75,3.19,78.4125,2.75,87.77784375,3.64
41,Labelled,drought,3,0,0,0,1,0,0,0,0,0,21,0.09,0.15,0.39,0.43,1.43,0.13,2.09,3.76,3.32,0.85,262.54,44.83,-27.74,1.24,135.07,0.61,11.28,66.1228,43.52,199.7507928,237.8
42,Labelled,drought,2,0,0,0,1,0,0,0,0,0,28,0.09,0.28,0.52,0.55,1.26,0.13,1.94,2.69,8.80,0.76,243.72,46.52,-27.03,1.56,299.7,0.64,10.34,73.3188,42.37,179.2744184,94.34
43,Labelled,drought,1,0,0,0,1,0,0,0,0,0,24,0.09,0.27,0.59,0.69,1.56,0.18,1.81,2.35,1.84,0.77,174.24,42.90,-28.34,1.42,273.87,0.72,12.59,53.1535,32.89,216.5110369,95.81
44,Labelled,drought,2,0,0,0,1,0,0,0,0,0,19,0.16,0.27,0.53,0.54,0.83,0.07,1.91,3.04,7.93,0.65,238.01,34.60,-28.81,1.45,176.57,0.72,13.00,70.768,35.42,198.7227874,125.24
45,Labelled,water,3,0,0,0,1,0,0,0,0,0,15,0.06,0.19,0.94,1.03,0.56,0.09,1.06,1.94,0.00,0.83,96.02,41.40,-27.86,1.47,233.09,0.65,9.60,77.7368,47.89,152.4235223,98.53
46,Labelled,water,4,0,0,0,1,0,0,0,0,0,31,0.15,0.29,0.56,0.49,0.63,0.07,4.83,3.25,6.83,1.00,135.04,32.52,-28.83,1.36,58.17,0.68,15.65,21.1482,388.15,175.7708601,416.37
47,Labelled,water,1,0,0,0,1,0,0,0,0,0,38,0.16,0.30,0.57,0.45,1.60,0.18,1.51,1.72,3.85,0.77,320.59,40.42,-28.22,1.40,308,0.61,13.34,73.6295,29.7,238.7276171,55.35
48,Labelled,water,2,0,0,0,1,0,0,0,0,0,36,0.08,0.46,0.36,0.52,1.02,0.17,1.07,2.46,0.00,0.84,205.69,37.64,-28.44,1.91,261.71,0.61,11.05,66.2225,22.28,235.4173741,126.17
49,control,water,3,0,0,0,1,0,0,0,0,0,31,0.11,0.28,0.52,0.51,1.00,0.15,2.41,3.95,4.08,0.68,0.35,42.91,-29.39,1.11,-0.15,0.63,3.62,45.5358,1.01,154.7641891,3.45
50,control,drought,4,0,0,0,1,0,0,0,0,0,19,0.06,0.22,1.15,1.09,1.64,0.16,1.33,3.82,4.30,0.76,-0.41,41.17,-27.08,1.31,1.9,0.71,4.15,26.8565,3.25,212.2841283,3.67
51,Labelled,drought,2,0,0,0,0,1,0,0,0,0,10,0.09,0.19,0.54,0.58,0.94,0.15,1.73,2.98,3.60,0.65,282.65,44.95,-27.25,1.59,134.83,0.62,12.99,54.7259,35.98,147.1678549,163.8
52,Labelled,drought,1,0,0,0,0,1,0,0,0,0,22,0.08,0.24,0.59,0.74,1.10,0.18,1.33,2.95,0.00,0.74,128.15,42.76,-27.09,1.93,234.07,0.69,11.55,74.7353,17.31,92.07798976,213.89
53,Labelled,drought,1,0,0,0,0,1,0,0,0,0,29,0.06,0.21,0.97,0.89,0.73,0.11,0.78,1.70,4.65,0.84,160.02,40.00,-27.27,1.71,115.25,0.68,9.40,90.8059,34.91,230.9594098,128.33
54,Labelled,drought,2,0,0,0,0,1,0,0,0,0,30,0.18,0.21,0.49,0.79,0.90,0.17,1.88,2.20,0.00,0.81,164.66,38.33,-28.49,1.60,259.93,0.58,13.23,20.886,30.23,124.3876221,95.04
55,Labelled,water,3,0,0,0,0,1,0,0,0,0,18,0.10,0.25,0.22,1.27,1.70,0.13,2.08,3.56,3.96,0.75,309.77,43.23,-28.06,1.11,240.46,0.67,17.91,52.0496,77.91,77.91975408,99.73
56,Labelled,water,4,0,0,0,0,1,0,0,0,0,26,0.15,0.31,0.55,0.84,0.87,0.16,1.13,1.76,0.00,0.72,216.54,43.19,-28.72,1.51,166.34,0.67,10.97,83.3083,54.72,23.51258306,149.75
57,Labelled,water,1,0,0,0,0,1,0,0,0,0,28,0.12,0.31,0.45,0.52,0.93,0.20,1.96,3.10,5.75,0.83,233.88,37.10,-27.41,1.57,420.53,0.69,12.00,23.7238,87.16,190.2761599,85.98
58,Labelled,water,2,0,0,0,0,1,0,0,0,0,38,0.20,0.40,0.47,0.40,1.23,0.19,2.25,3.27,8.33,0.81,310.59,42.95,-27.94,1.33,180.93,0.69,14.69,51.3718,47.78,173.9203117,110.71
59,control,water,3,0,0,0,0,1,0,0,0,0,15,0.09,0.28,0.54,0.44,1.07,0.19,1.69,2.85,6.22,0.87,6.31,43.24,-29.04,1.26,12.15,0.67,3.00,57.0163,3.69,177.8590437,4.25
60,control,drought,4,0,0,0,0,0,1,0,0,0,17,0.06,0.16,1.11,0.74,1.61,0.19,1.20,3.59,4.43,0.80,8.98,43.31,-27.12,1.63,15.07,0.60,5.00,78.0511,4.15,235.6857836,5.36
61,Labelled,drought,4,0,0,0,0,0,1,0,0,0,16,0.15,0.19,0.73,0.73,0.96,0.28,2.29,3.52,4.57,0.65,237.82,42.99,-28.26,1.51,320.18,0.66,14.82,48.6388,40.25,169.8060127,120.46
62,Labelled,drought,2,0,0,0,0,0,1,0,0,0,22,0.08,0.21,0.96,0.96,1.09,0.20,0.96,2.05,3.37,0.77,225.41,42.60,-28.05,1.38,159.36,0.60,9.57,81.4123,38.71,196.9996797,116.87
63,Labelled,drought,1,0,0,0,0,0,1,0,0,0,20,0.13,0.25,0.45,0.48,2.15,0.19,3.25,8.50,2.97,0.86,155.27,34.17,-28.41,1.31,187.87,0.65,12.25,61.1838,36.28,146.861854,88.03
64,Labelled,drought,2,0,0,0,0,0,1,0,0,0,22,0.09,0.22,0.66,0.72,1.21,0.12,1.07,2.82,4.30,0.74,207.76,38.44,-27.84,1.61,183.14,0.65,16.07,85.1004,25.77,99.23806974,108.87
65,Labelled,water,3,0,0,0,0,0,1,0,0,0,16,0.07,0.16,1.16,0.94,1.67,0.11,0.85,1.95,0.00,0.65,188.87,42.27,-27.18,1.25,123.45,0.68,12.72,53.8212,43.75,73.62030088,144.49
66,Labelled,water,4,0,0,0,0,0,1,0,0,0,25,0.19,0.22,0.56,0.35,0.77,0.24,3.14,3.16,9.04,0.80,309.35,44.51,-28.44,1.29,308.62,0.63,11.68,55.1229,28.78,164.8938771,71.73
67,Labelled,water,1,0,0,0,0,0,1,0,0,0,19,0.17,0.39,0.48,0.53,0.79,0.20,1.94,2.52,0.00,0.80,228.19,41.96,-28.58,1.61,233.8,0.60,11.72,60.1599,32.47,213.8269657,100.19
68,Labelled,water,2,0,0,0,0,0,1,0,0,0,16,0.10,0.38,0.44,0.47,1.03,0.23,1.21,2.04,6.72,0.73,258.76,45.14,-27.23,1.35,325.85,0.56,14.23,60.9757,33.57,191.0878854,98.25
69,control,water,3,0,0,0,0,0,1,0,0,0,22,0.17,0.31,0.53,0.77,1.58,0.24,1.55,2.01,3.53,0.82,1.00,40.89,-29.17,1.38,0.1,0.66,4.18,61.1593,2.89,185.9837536,4.86
70,control,drought,4,0,0,0,0,0,1,0,0,0,19,0.16,0.25,0.57,0.46,1.06,0.17,1.09,2.13,0.67,0.76,3.60,43.72,-28.61,1.49,7.49,0.66,3.96,too small,,169.1743693,6.66
71,Labelled,drought,2,0,0,0,0,0,0,1,0,0,25,0.07,0.21,0.74,0.79,1.20,0.16,1.35,3.53,4.58,0.84,218.73,44.07,-26.38,1.47,118.83,0.59,13.20,74.5856,29.96,202.450465,111.65
72,Labelled,drought,3,0,0,0,0,0,0,1,0,0,14,0.09,0.19,0.64,0.60,2.31,0.20,2.23,7.25,10.80,0.75,262.07,45.63,-27.2,1.50,327.66,0.68,12.45,58.861,19.93,57.10927136,108.31
73,Labelled,drought,1,0,0,0,0,0,0,1,0,0,13,0.07,0.24,0.53,0.84,1.51,0.17,0.98,1.92,0.00,0.83,175.75,40.94,-27.13,1.46,156.6,0.61,9.65,too small,,199.7413894,165.39
74,Labelled,drought,2,0,0,0,0,0,0,1,0,0,33,0.15,0.31,0.54,0.62,1.59,0.21,2.64,3.77,3.90,0.93,178.51,37.97,-28.36,1.65,199.61,0.65,8.52,68.2965,47.69,178.5022027,138.27
75,Labelled,water,3,0,0,0,0,0,0,1,0,0,26,0.13,0.15,0.90,0.79,2.00,0.12,1.29,3.87,1.46,0.54,205.50,25.70,-27.19,0.98,240.25,0.71,9.20,68.8437,32.03,183.840205,159.9
76,Labelled,water,4,0,0,0,0,0,0,1,0,0,20,0.08,0.22,0.35,0.39,2.29,0.11,1.90,4.12,3.45,0.67,219.34,46.95,-26.18,1.28,85.08,0.63,11.41,61.5159,13.49,125.6310085,110.06
77,Labelled,water,1,0,0,0,0,0,0,1,0,0,18,0.09,0.34,0.60,0.70,1.18,0.18,1.94,2.64,0.00,0.84,109.93,36.36,-27.87,1.37,253.82,0.60,11.89,62.6063,35.6,181.6259016,105.72
78,Labelled,water,2,0,0,0,0,0,0,1,0,0,19,0.15,0.30,0.45,0.51,1.37,0.18,2.62,2.61,4.87,0.81,325.82,46.36,-28.19,1.39,270.44,0.67,10.04,80.4271,42.59,216.9333024,87.54
79,control,water,3,0,0,0,0,0,0,1,0,0,14,0.12,0.31,0.64,0.97,1.08,0.29,2.37,2.91,4.14,0.89,213.34,37.37,-28.35,1.31,387.16,0.55,9.67,60.5654,51.09,175.2736458,100.09
80,control,drought,4,0,0,0,0,0,0,1,0,0,31,0.15,0.31,0.49,0.64,1.05,0.22,1.18,2.26,0.00,0.87,1.49,31.70,-29.58,1.44,0.54,0.65,4.25,83.224,1.36,232.093765,4.01
81,Labelled,drought,3,0,0,0,0,0,0,0,1,0,22,0.13,0.13,0.84,0.90,0.16,0.17,1.46,3.62,1.59,0.84,189.60,38.36,-26.29,1.50,145.08,0.62,10.49,89.3401,28.99,155.9026823,130.96
82,Labelled,drought,4,0,0,0,0,0,0,0,1,0,26,0.11,0.11,0.62,0.64,0.08,0.32,1.42,3.57,5.14,0.81,216.73,43.06,-27.3,1.34,182.66,0.67,11.29,69.2809,36.46,108.6638859,111.68
83,Labelled,drought,1,0,0,0,0,0,0,0,1,0,22,0.07,0.07,1.19,0.83,1.04,0.31,2.41,2.59,0.74,0.97,229.38,44.51,-26.65,,,0.62,11.61,85.2971,48.21,201.3984449,125.48
84,Labelled,drought,2,0,0,0,0,0,0,0,1,0,17,0.11,0.23,0.53,0.63,0.45,0.19,1.87,3.40,0.03,0.96,239.00,40.87,-28.09,1.51,241,0.63,10.34,58.3821,32.91,206.5095712,120.51
85,Labelled,water,3,0,0,0,0,0,0,0,1,0,16,0.13,0.21,0.75,0.79,1.00,0.18,2.35,4.10,3.21,0.83,173.90,44.66,-27.45,1.36,85.81,0.62,13.45,43.0469,21.84,192.7557543,154.66
86,Labelled,water,4,0,0,0,0,0,0,0,1,0,15,0.13,0.15,0.97,0.56,2.09,0.17,1.86,2.68,10.71,0.99,208.04,46.11,-27.85,1.11,130.71,0.61,9.98,54.5939,24.13,165.9608211,138.95
87,Labelled,water,1,0,0,0,0,0,0,0,1,0,9,0.07,0.17,0.25,0.26,1.15,0.15,4.70,5.26,4.81,0.94,293.44,43.93,-25.24,1.66,152.43,0.60,11.27,194.2674,191.74,54.1383082,215.06
88,Labelled,water,2,0,0,0,0,0,0,0,1,0,8,0.03,0.15,1.03,0.70,0.52,0.13,1.96,2.23,4.66,0.86,219.99,47.19,-27.19,1.68,126.95,0.54,10.15,81.1468,75.27,174.5452829,117.95
89,control,water,3,0,0,0,0,0,0,0,1,0,10,0.10,0.20,0.54,0.53,0.95,0.19,1.30,2.39,0.00,0.67,0.52,44.84,-28.68,1.17,0.33,0.63,3.09,80.643,1.58,120.3486379,4.9
90,control,drought,4,0,0,0,0,0,0,0,1,0,15,0.12,0.19,0.98,0.74,1.04,0.23,1.03,2.42,0.00,0.83,1.40,41.99,-27.26,1.00,2.03,0.66,3.76,too small,,188.5077221,1.92
91,Labelled,drought,1,1,1,0,0,0,0,0,0,0,13,0.05,0.15,0.91,0.55,1.71,0.22,1.46,1.24,3.71,0.97,247.78,43.20,-25.93,1.70,124.55,0.55,10.28,89.9248,38.27,225.7246996,98.19
92,Labelled,drought,2,1,1,0,0,0,0,0,0,0,12,0.08,0.11,1.03,0.81,0.79,0.15,1.63,3.00,3.81,1.02,182.81,44.78,-26.49,2.23,126.93,0.64,10.13,84.4352,43.4,32.99363383,144.55
93,Labelled,drought,1,1,1,0,0,0,0,0,0,0,17,0.11,0.22,0.65,0.70,1.05,0.18,1.43,2.33,0.22,0.88,171.63,40.10,-28.32,1.78,218.62,0.56,11.64,83.7375,50.86,207.1314767,123.37
94,Labelled,drought,2,1,1,0,0,0,0,0,0,0,14,0.15,0.25,0.63,0.71,1.02,0.17,1.09,2.00,0.00,0.95,182.32,39.56,-28.21,1.23,170.66,0.51,11.92,82.4454,37.69,198.7233443,128.01
95,Labelled,water,3,1,1,0,0,0,0,0,0,0,24,0.08,0.19,0.86,0.90,1.23,0.17,1.86,3.71,7.66,0.73,207.88,34.65,-28.39,1.21,157.21,0.46,15.06,54.7617,24.43,180.6423522,141.19
96,Labelled,water,4,1,1,0,0,0,0,0,0,0,40,0.08,0.26,0.46,0.85,0.58,0.18,1.38,2.94,3.17,0.73,164.68,42.79,-27.3,1.37,174.1,0.49,11.68,77.9444,37.31,210.7624128,106.34
97,Labelled,water,1,1,1,0,0,0,0,0,0,0,22,0.03,0.22,0.49,0.58,0.85,0.14,2.99,4.04,4.02,0.85,323.24,46.41,-26.17,1.40,187.58,0.62,6.51,45.3155,46.25,118.1418261,80.79
98,Labelled,water,2,1,1,0,0,0,0,0,0,0,15,0.06,0.17,0.39,0.49,1.21,0.10,5.44,8.62,4.24,0.91,280.66,45.09,-26.54,1.72,191.1,0.54,9.46,48.022,18,151.6157931,74.52
99,control,water,3,1,1,0,0,0,0,0,0,0,10,0.08,0.27,0.67,0.78,0.91,0.13,1.69,2.29,0.00,0.79,1.11,42.76,-28.48,1.19,2.09,0.74,4.38,73.7746,1.45,195.819962,4.35
100,control,drought,4,1,1,0,0,0,0,0,0,0,24,0.14,0.24,0.39,0.34,1.30,0.20,1.51,2.00,6.79,0.71,-1.54,43.27,-29.83,1.29,0.03,0.76,3.10,68.8201,2.06,215.9185875,3.29
101,Labelled,drought,4,0,0,1,1,0,0,0,0,0,26,0.13,0.16,0.72,0.74,1.61,0.15,2.26,5.07,3.51,0.91,194.88,43.40,-27.18,1.47,115.17,0.51,10.66,54.8836,43.95,170.4204576,297.27
102,Labelled,drought,4,0,0,1,1,0,0,0,0,0,28,0.10,0.19,1.02,0.73,1.13,0.11,1.08,1.34,9.19,0.81,153.75,45.62,-26.09,1.50,103.65,0.51,10.93,85.94,36.36,65.31523748,40.83
153,Labelled,drought,1,0,0,0,0,1,1,1,1,0,20,0.05,0.12,0.83,0.69,2.12,0.26,1.81,3.74,4.93,0.76,147.22,39.32,-27.08,1.61,125.77,0.65,8.88,93.5024,23.6,210.4407773,113.46
154,Labelled,drought,2,0,0,0,0,1,1,1,1,0,19,0.06,0.16,0.89,0.81,0.87,0.14,6.77,2.63,0.00,0.83,187.40,40.86,-27.64,1.31,150.47,0.65,11.25,52.7022,15.78,179.008888,128.57
155,Labelled,water,3,0,0,0,0,1,1,1,1,0,18,0.06,0.07,0.50,0.55,0.86,0.19,5.08,4.86,3.34,1.06,157.13,45.17,-25.32,2.04,36.82,0.66,11.52,71.2647,53.1,190.7042519,133.83
156,Labelled,water,4,0,0,0,0,1,1,1,1,0,12,0.06,0.18,1.28,1.23,1.41,0.45,7.17,2.38,0.00,0.78,133.18,41.72,-27.57,0.97,94.88,0.70,9.35,79.1287,36.48,208.0486854,134.27
157,Labelled,water,1,0,0,0,0,1,1,1,1,0,17,0.12,0.18,0.63,0.67,2.36,0.16,1.58,2.69,4.54,0.77,276.40,41.62,-28.04,1.42,155.52,0.59,12.15,76.0458,39.71,220.9752211,137.39
158,Labelled,water,2,0,0,0,0,1,1,1,1,0,7,0.11,0.18,0.81,0.66,2.02,0.10,1.93,1.77,5.34,0.75,311.45,46.88,-28.02,1.39,136.03,0.69,9.60,78.9872,41.37,210.3680432,116.66
159,control,water,3,0,0,0,0,1,1,1,1,0,17,0.10,0.17,1.13,0.76,1.80,0.13,1.12,1.90,0.00,0.64,1.51,43.18,-27.97,0.96,4.36,0.64,4.32,too small,,182.253141,2.26
160,control,drought,4,0,0,0,0,1,1,1,1,0,22,0.11,0.23,0.64,0.66,1.78,0.11,2.29,3.56,10.37,1.00,0.29,41.89,-28.32,1.53,2.75,0.56,3.13,45.361,1.89,128.0547493,3.96
161,Labelled,drought,1,0,0,0,0,1,1,1,0,1,16,0.13,0.14,0.87,0.70,2.36,0.17,0.75,1.41,2.28,0.74,113.81,31.74,-26.88,1.60,149.06,0.63,11.21,83.3906,29.39,104.7841,116.11
162,Labelled,drought,3,0,0,0,0,1,1,1,0,1,20,0.06,0.17,0.80,0.87,2.85,0.15,2.05,3.25,8.25,0.81,155.87,43.34,-26.74,1.63,171.71,0.59,11.06,44.9921,24.01,130.8322251,109.7
163,Labelled,drought,1,0,0,0,0,1,1,1,0,1,8,0.11,0.19,0.45,0.52,1.06,0.11,2.68,4.70,3.57,0.75,190.93,41.34,-26.61,1.73,181.94,0.64,13.15,63.0131,35.42,128.2684446,130.69
164,Labelled,drought,2,0,0,0,0,1,1,1,0,1,15,0.04,0.18,0.71,0.73,2.31,0.12,1.58,3.83,0.00,0.76,129.84,40.28,-27.53,1.51,141.99,0.66,9.10,49.3149,30.09,219.5002238,80.6
165,Labelled,water,3,0,0,0,0,1,1,1,0,1,6,0.11,0.17,0.45,0.48,1.19,0.13,2.79,3.73,3.34,0.75,275.76,42.22,-28.1,1.39,209.55,0.68,8.79,46.0434,36.16,133.3576748,181.91
166,Labelled,water,4,0,0,0,0,1,1,1,0,1,17,0.09,0.19,0.71,0.67,2.18,0.18,1.17,2.63,0.00,0.71,204.78,46.37,-27.96,1.20,224.43,0.77,10.55,9.1579,34.07,208.4035844,164.28
167,Labelled,water,1,0,0,0,0,1,1,1,0,1,9,0.15,0.29,0.48,0.55,1.88,0.17,1.60,2.64,6.85,0.75,279.44,47.16,-28.68,1.28,282.01,0.69,12.01,35.0572,45.33,,too small
168,Labelled,water,2,0,0,0,0,1,1,1,0,1,18,0.13,0.17,0.86,0.83,2.03,0.12,1.28,2.42,0.00,0.74,238.15,45.64,-27.52,1.21,147.49,0.64,8.70,75.4078,35.03,172.8241533,125.78
169,control,water,3,0,0,0,0,1,1,1,0,1,12,0.08,0.16,1.00,0.83,2.16,0.12,1.65,3.83,3.45,0.74,3.77,45.21,-27.95,1.08,6.54,0.69,4.38,73.2771,1.44,169.404815,4.47
170,control,drought,4,0,0,0,0,1,1,1,0,1,20,0.10,0.15,0.68,0.74,2.76,0.21,1.59,3.42,3.57,0.76,4.35,42.62,-27.94,1.56,8.49,0.54,3.70,117.2661,3.24,225.2000865,4.8
171,Labelled,drought,2,1,1,1,1,1,1,1,1,0,22,0.20,0.20,0.44,0.52,1.21,0.11,2.73,4.80,2.38,0.85,258.61,42.36,-27.74,1.39,178.28,0.66,11.64,67.2253,21.42,178.4287879,128.78
172,Labelled,drought,3,1,1,1,1,1,1,1,1,0,24,0.10,0.27,0.44,0.58,2.04,0.17,1.19,1.76,0.00,0.85,215.86,43.33,-29.19,1.38,277.2,0.66,11.34,80.9273,37.47,141.0414937,119.34
173,Labelled,drought,1,1,1,1,1,1,1,1,1,0,17,0.04,0.24,0.72,0.53,2.10,0.12,1.77,2.32,3.09,0.66,288.50,49.49,-27.25,1.26,187.88,0.61,9.57,73.4884,46.36,181.288177,97
174,Labelled,drought,2,1,1,1,1,1,1,1,1,0,16,0.08,0.21,0.88,0.79,1.78,0.09,1.73,3.24,3.42,0.70,184.41,45.30,-27.64,1.67,193.73,0.61,10.23,93.7174,39.53,167.3386074,88.45
175,Labelled,water,3,1,1,1,1,1,1,1,1,0,22,0.08,0.23,0.80,0.85,2.20,0.14,1.05,2.04,0.00,0.93,168.88,40.00,-27.31,1.25,200.59,0.61,10.73,69.3097,32.36,193.0961335,129.9
176,Labelled,water,4,1,1,1,1,1,1,1,1,0,34,0.12,0.28,0.40,0.36,1.78,0.15,1.76,3.64,3.28,0.95,229.45,44.88,-28.58,1.61,268.6,0.67,12.98,68.804,53.8,226.0496806,130.43
177,Labelled,water,1,1,1,1,1,1,1,1,1,0,8,0.06,0.30,0.77,0.82,0.97,0.18,12.59,8.12,2.19,0.56,140.18,25.62,-28.46,1.23,74.93,0.63,12.39,79.4551,437.95,122.3052644,288.88
178,Labelled,water,2,1,1,1,1,1,1,1,1,0,26,0.11,0.29,0.54,0.65,1.15,0.14,2.22,3.21,0.00,0.87,225.15,41.53,-28.8,1.42,253.35,0.70,10.62,39.0112,34.03,174.1654016,107.75
179,control,water,3,1,1,1,1,1,1,1,1,0,17,0.06,0.37,0.65,0.69,1.68,0.14,1.20,2.00,0.00,0.69,0.29,42.87,-28.94,1.19,1.49,0.60,3.34,77.3092,2.04,151.253809,1.78
180,control,drought,4,1,1,1,1,1,1,1,1,0,22,0.06,0.20,0.67,0.61,0.04,0.17,2.07,3.46,11.15,0.69,1.82,39.05,-28.17,1.51,3.47,0.65,4.38,68.7961,-1.84,201.1859842,3.45
181,Labelled,drought,3,1,1,1,1,1,1,1,0,1,8,0.07,0.23,0.62,0.50,1.58,0.14,5.46,4.08,8.33,0.67,208.67,42.01,-27.38,1.36,254.14,0.66,11.83,52.1477,35.61,167.2419104,74.07
182,Labelled,drought,2,1,1,1,1,1,1,1,0,1,18,0.05,0.26,0.47,0.48,2.54,0.15,1.49,1.62,8.95,0.68,389.48,47.87,-27.3,1.36,211.62,0.67,10.46,64.7035,30.39,128.6652733,101.78
183,Labelled,drought,1,1,1,1,1,1,1,1,0,1,19,0.14,0.24,0.54,0.59,4.06,0.13,2.75,2.61,3.17,0.79,272.46,48.62,-26.21,1.50,106.14,0.66,9.54,68.5516,33.67,201.6049077,144.89
184,Labelled,drought,2,1,1,1,1,1,1,1,0,1,20,0.12,0.24,0.28,0.35,1.94,0.15,1.82,4.58,2.24,0.83,241.60,46.15,-27.86,1.48,186.04,0.68,14.60,56.4699,40.46,169.7540004,107.34
185,Labelled,water,3,1,1,1,1,1,1,1,0,1,20,0.16,0.24,0.68,0.89,0.09,0.13,1.22,3.22,2.72,0.73,217.12,37.04,-27.71,1.20,172.53,0.67,7.77,100.6386,12.54,160.798223,107.26
186,Labelled,water,4,1,1,1,1,1,1,1,0,1,33,0.12,0.27,0.49,0.58,2.47,0.18,0.89,1.92,0.00,0.81,154.31,43.27,-28.98,1.31,187.18,0.72,10.72,67.3846,26.86,25.00893783,86.49
187,Labelled,water,1,1,1,1,1,1,1,1,0,1,17,0.13,0.32,0.25,0.37,0.88,0.20,4.91,10.70,3.87,0.94,267.03,43.60,-26.87,1.55,521.38,0.71,9.03,49.2581,25.31,117.3618391,41.18
188,Labelled,water,2,1,1,1,1,1,1,1,0,1,16,0.09,0.26,0.68,0.64,3.44,0.16,1.61,3.74,0.00,0.83,206.18,43.68,-27.39,1.14,349.22,0.64,14.44,29.7994,30.34,160.7321399,64.21
189,control,water,3,1,1,1,1,1,1,1,0,1,26,0.12,0.35,0.36,0.49,2.38,0.19,1.25,2.59,4.14,,,40.42,-29.4,1.46,0.46,0.65,4.19,,,81.23666046,4.22
190,control,drought,4,1,1,1,1,1,1,1,0,1,34,0.14,0.32,0.55,0.49,2.29,0.25,1.38,2.16,3.94,0.89,0.36,38.07,-29.2,1.33,1.48,0.61,3.41,60.7844,3.79,91.09513287,3.91
103,Labelled,drought,1,0,0,1,1,0,0,0,0,0,18,0.08,0.09,0.97,0.71,1.57,0.16,0.94,1.49,0.00,1.05,198.57,39.36,-26.45,1.55,91.84,0.56,10.45,12.0638,32.9,207.5190378,126.45
104,Labelled,drought,2,0,0,1,1,0,0,0,0,0,16,0.10,0.30,0.16,0.22,0.87,0.15,3.04,4.29,5.36,0.84,287.09,44.91,-28.38,1.55,351.33,0.58,12.48,42.039,48.07,157.0101273,186.67
105,Labelled,water,3,0,0,1,1,0,0,0,0,0,15,0.10,0.14,1.01,0.99,1.28,0.16,1.31,3.13,2.98,0.79,183.60,37.75,-27.32,1.26,139.17,0.56,12.36,67.0325,1.37,215.2579626,116.62
106,Labelled,water,4,0,0,1,1,0,0,0,0,0,21,0.08,0.18,1.01,0.73,0.89,0.13,1.05,2.57,4.86,0.94,148.03,42.14,-27.41,1.32,139.05,0.51,12.55,64.0883,35.5,175.1994299,125.72
107,Labelled,water,1,0,0,1,1,0,0,0,0,0,29,0.02,0.24,0.96,0.86,1.77,0.20,1.82,3.61,9.23,0.87,253.52,41.41,-27.57,1.19,112.53,0.51,12.20,60.4801,31.2,183.1081425,128.34
108,Labelled,water,2,0,0,1,1,0,0,0,0,0,16,0.10,0.15,0.98,0.92,1.76,0.28,1.64,2.79,2.92,0.56,238.73,31.23,-27.01,1.48,114.82,0.54,9.95,79.0163,28.35,204.7853975,84.92
109,control,water,3,0,0,1,1,0,0,0,0,0,12,0.07,0.23,0.52,0.70,0.99,0.10,1.15,1.43,0.00,0.69,-1.22,42.33,-29.17,1.40,1.73,0.65,4.79,56.2518,-0.45,205.7678189,1.8
110,control,drought,4,0,0,1,1,0,0,0,0,0,21,0.07,0.24,0.93,0.70,1.13,0.13,1.89,2.99,0.00,0.88,0.04,41.66,-27.57,1.45,2.34,0.66,3.56,79.796,1.37,214.7218607,3.53
111,Labelled,drought,1,0,0,0,0,1,1,0,0,0,16,0.05,0.17,0.93,0.61,1.21,0.11,2.21,7.10,6.78,0.93,118.36,46.73,-26.93,1.73,148.75,0.52,12.80,79.5981,28.11,117.7379819,150.51
112,Labelled,drought,1,0,0,0,0,1,1,0,0,0,14,0.05,0.19,0.82,0.81,1.40,0.21,1.08,1.86,0.07,0.73,203.11,43.43,-27.24,1.30,107.32,0.47,10.35,89.4545,29.51,190.9083538,99.85
113,Labelled,drought,1,0,0,0,0,1,1,0,0,0,15,0.09,0.23,0.78,0.73,1.34,0.10,0.75,1.33,0.00,0.83,204.56,39.88,-27.42,1.20,136.17,0.45,11.84,70.5225,398.94,166.4250634,106.04
114,Labelled,drought,2,0,0,0,0,1,1,0,0,0,11,0.03,0.14,1.10,0.61,1.33,0.11,1.98,2.62,5.96,0.97,207.17,43.97,-27.17,2.27,69.72,0.55,10.42,86.979,92.41,200.028288,151.05
115,Labelled,water,3,0,0,0,0,1,1,0,0,0,22,0.10,0.32,0.62,0.71,0.62,0.11,11.86,4.16,3.84,0.87,149.00,37.90,-28.04,1.29,72.95,0.55,9.25,81.1959,40.09,169.4638187,267.34
116,Labelled,water,4,0,0,0,0,1,1,0,0,0,13,0.05,0.20,0.93,1.11,1.62,0.08,1.39,3.12,0.00,0.86,104.09,39.92,-27.49,1.17,173.29,0.52,10.56,72.2688,34.14,152.3366548,87.92
117,Labelled,water,1,0,0,0,0,1,1,0,0,0,18,0.07,0.30,0.56,0.22,1.14,0.15,2.05,3.35,15.78,0.82,555.75,43.37,-26.23,1.16,424.04,0.66,13.96,26.5837,98.04,160.0442333,22.68
118,Labelled,water,2,0,0,0,0,1,1,0,0,0,16,0.13,0.24,0.65,0.68,0.55,0.06,2.49,4.76,2.35,0.91,196.08,44.66,-28.06,1.39,137.77,0.68,18.05,55.3522,30.92,134.5756413,164.38
119,control,water,3,0,0,0,0,1,1,0,0,0,21,0.07,0.34,0.30,0.34,0.72,0.23,6.48,6.15,4.36,0.88,0.78,42.20,-28.45,1.21,1.65,0.60,3.38,61.8988,2.04,119.0383478,2.61
120,control,drought,4,0,0,0,0,1,1,0,0,0,18,0.09,0.30,0.67,0.62,2.25,0.23,1.93,4.16,0.00,0.78,-0.07,35.94,-28.1,1.00,3.98,0.68,4.50,72.217,2.29,,too small
121,Labelled,drought,3,0,0,0,0,0,0,1,1,0,9,0.07,0.25,0.73,0.98,1.50,0.16,1.35,2.16,0.00,0.68,206.14,45.38,-27.74,1.24,198.68,0.73,10.19,69.1521,54.13,168.901561,120.46
122,Labelled,drought,2,0,0,0,0,0,0,1,1,0,31,0.06,0.23,0.79,0.76,1.91,0.20,1.35,2.29,10.58,0.92,169.50,37.97,-26.27,1.50,156.89,0.65,10.45,70.4073,27.81,201.8806077,93.87
123,Labelled,drought,1,0,0,0,0,0,0,1,1,0,24,0.08,0.27,0.57,0.50,1.58,0.16,1.29,1.98,8.68,0.94,172.15,43.81,-26.63,1.84,218.87,0.63,12.37,70.7066,39.38,181.6916846,109.84
124,Labelled,drought,2,0,0,0,0,0,0,1,1,0,21,0.02,0.12,1.17,0.42,0.44,0.11,2.33,4.22,5.60,0.94,152.89,33.79,-26.07,2.37,146.45,0.74,8.81,88.882,43.22,155.1219825,108.5
125,Labelled,water,3,0,0,0,0,0,0,1,1,0,8,0.11,0.29,0.54,0.63,0.81,0.13,1.99,3.51,2.96,0.72,238.10,44.19,-27.8,1.12,165.57,0.72,15.03,63.7421,15.81,111.6715187,113.57
126,Labelled,water,4,0,0,0,0,0,0,1,1,0,7,0.03,0.14,1.05,0.89,1.17,0.15,1.49,2.55,0.04,0.80,145.28,44.05,-27.22,1.11,70.7,0.72,10.64,84.3317,58.28,213.2937745,137.52
127,Labelled,water,1,0,0,0,0,0,0,1,1,0,13,0.11,0.33,0.73,0.59,1.22,0.14,1.33,3.12,5.77,0.93,234.35,41.83,-27.9,1.15,148.44,0.75,14.15,67.6007,40.15,201.2001449,140.79
128,Labelled,water,2,0,0,0,0,0,0,1,1,0,17,0.08,0.21,1.20,1.24,1.01,0.10,1.21,3.26,0.02,0.84,155.41,42.12,-27.4,1.19,99.44,0.74,13.73,74.6459,27.19,174.382214,87.44
129,control,water,3,0,0,0,0,0,0,1,1,0,12,0.05,0.19,0.18,1.07,1.27,0.28,4.05,10.40,4.04,0.69,7.18,37.90,-28.17,1.41,12.57,0.71,3.85,65.5549,2.48,116.4911811,5.03
130,control,drought,4,0,0,0,0,0,0,1,1,0,16,0.09,0.23,0.85,1.05,1.43,0.10,1.58,2.58,0.00,0.79,1.41,43.98,-27.37,1.33,4.29,0.69,3.12,73.9781,1.97,243.4944693,4.35
131,Labelled,drought,4,1,1,1,1,0,0,0,0,0,37,0.11,0.17,0.50,0.54,1.41,0.16,2.13,3.42,3.74,0.82,282.55,41.79,-24.9,1.51,155.6,0.62,10.20,70.0443,37.82,182.825916,141.1
132,Labelled,drought,1,1,1,1,1,0,0,0,0,0,19,0.03,0.19,1.04,0.79,0.98,0.14,1.09,2.36,3.78,0.73,148.18,41.55,-27.12,1.26,202.57,0.70,12.48,83.3218,21.47,212.9676052,92.85
133,Labelled,drought,1,1,1,1,1,0,0,0,0,0,20,0.11,0.26,0.54,0.61,1.62,0.21,,,10.98,0.67,284.19,47.02,-28.12,1.26,165.16,0.63,12.48,70.0149,40.96,208.410976,105.33
134,Labelled,drought,2,1,1,1,1,0,0,0,0,0,15,0.18,0.16,0.60,0.53,1.14,0.18,2.05,2.35,0.00,0.84,197.37,43.12,-28.18,1.37,203.09,0.77,11.74,76.1903,35.04,91.68768236,127.65
135,Labelled,water,3,1,1,1,1,0,0,0,0,0,12,0.19,0.19,0.51,0.54,1.37,0.12,2.11,3.25,1.73,0.67,169.35,44.09,-28.23,1.42,161.01,0.73,11.17,49.6791,50.89,50.16332723,118.03
136,Labelled,water,4,1,1,1,1,0,0,0,0,0,12,0.14,0.18,1.08,1.09,1.48,0.18,1.09,1.97,0.00,0.76,173.45,43.06,-26.97,1.19,39.48,0.66,11.28,42.7273,39.1,184.3705151,148.62
137,Labelled,water,1,1,1,1,1,0,0,0,0,0,16,0.08,0.29,0.65,0.98,1.21,0.26,1.02,1.81,0.00,0.82,168.03,41.25,-27.83,1.40,187.93,0.66,10.51,79.402,40.33,137.5520244,127.5
138,Labelled,water,2,1,1,1,1,0,0,0,0,0,13,0.11,0.26,0.47,0.40,1.17,0.16,1.48,3.30,7.22,0.81,255.74,43.90,-28.38,1.59,227.16,0.65,13.27,64.5963,58.84,132.3611645,112.87
139,control,water,3,1,1,1,1,0,0,0,0,0,21,0.10,0.13,0.95,0.72,0.58,0.12,1.19,2.42,1.52,0.71,0.66,43.01,-27.87,1.14,3.48,0.66,4.32,86.4784,2.81,194.4735381,4.81
140,control,drought,4,1,1,1,1,0,0,0,0,0,28,0.17,0.17,0.59,0.55,1.67,0.13,2.05,3.44,9.66,0.85,0.00,40.69,-28.61,1.25,1.65,0.63,4.13,52.3781,1.09,146.297698,9.58
141,Labelled,drought,1,1,1,1,0,0,0,0,0,1,23,0.08,0.10,1.18,1.18,2.49,0.17,1.75,2.36,2.86,0.86,151.81,43.12,-26.78,1.47,97.26,0.62,10.18,85.6121,32.41,252.3921509,100.19
142,Labelled,drought,4,1,1,1,0,0,0,0,0,1,22,0.05,0.12,0.86,0.56,1.66,0.26,1.59,3.15,0.00,0.71,164.63,39.64,-27.27,1.59,167.09,0.68,9.77,99.5009,14.95,201.9486743,100.52
143,Labelled,drought,1,1,1,1,0,0,0,0,0,1,6,0.13,0.15,0.25,0.38,1.02,0.20,2.43,4.58,2.91,0.72,332.98,46.99,-26.69,1.35,246.67,0.72,16.63,60.9945,18.12,116.328944,156.22
144,Labelled,drought,2,1,1,1,0,0,0,0,0,1,17,0.10,0.19,0.83,0.44,1.84,0.26,1.94,8.12,5.63,0.91,201.80,46.19,-26.57,1.65,124.15,0.74,11.32,84.5063,39.68,195.4743008,122.04
145,Labelled,water,3,1,1,1,0,0,0,0,0,1,21,0.23,0.20,0.54,0.88,1.82,0.06,1.56,2.97,0.00,0.81,178.31,41.51,-28.67,1.51,234.1,0.72,14.85,20.508,42.13,234.6010128,133.51
146,Labelled,water,4,1,1,1,0,0,0,0,0,1,14,0.05,0.09,0.99,0.59,0.89,0.31,1.80,3.23,12.68,0.97,202.42,45.43,-26.22,1.71,130.27,0.72,14.07,77.753,30.39,110.8895789,59.61
147,Labelled,water,1,1,1,1,0,0,0,0,0,1,17,0.10,0.19,0.87,0.87,2.12,0.17,1.47,2.86,0.00,0.64,272.66,44.68,-27.58,1.17,301.46,0.80,17.05,71.6343,60.07,126.1233047,200.92
148,Labelled,water,2,1,1,1,0,0,0,0,0,1,24,0.09,0.13,1.14,0.88,2.85,0.14,1.30,3.20,5.72,0.84,154.00,39.18,-26.87,1.38,131.72,0.66,11.47,96.6361,22.26,129.8840693,97.93
149,control,water,3,1,1,1,0,0,0,0,0,1,21,0.12,0.15,0.70,0.77,1.38,0.21,2.46,6.34,2.78,0.66,3.38,43.23,-27.89,1.40,6.85,0.73,3.22,52.3444,1.65,85.41177592,5.21
150,control,drought,4,1,1,1,0,0,0,0,0,1,12,0.06,0.07,0.73,0.50,1.49,0.17,2.12,2.45,3.87,0.99,5.84,46.13,-28.12,2.12,10.02,0.65,3.78,81.2091,1.45,172.6213284,4.05
151,Labelled,drought,2,0,0,0,0,1,1,1,1,0,14,0.09,0.20,0.43,0.54,1.42,0.16,2.33,3.81,3.34,0.77,185.72,43.39,-27.28,1.39,133.78,0.69,8.93,69.8713,22.32,143.6922612,402.87
152,Labelled,drought,3,0,0,0,0,1,1,1,1,0,13,0.13,0.16,0.89,0.86,1.85,0.21,1.85,3.78,3.44,0.69,182.43,41.02,-26.07,1.38,115.14,0.68,11.84,84.0109,35.29,199.5059816,108.74
